run_name	model	fold	feature	importance
donor_compartment_pseudobulk_baselines	logreg	0	LP__S100P	0.05356958828546809
donor_compartment_pseudobulk_baselines	logreg	0	Epi__S100P	0.053140539285389185
donor_compartment_pseudobulk_baselines	logreg	0	Epi__PLA2G2A	0.052159285398101496
donor_compartment_pseudobulk_baselines	logreg	0	Epi__TIMP1	0.0501280184730096
donor_compartment_pseudobulk_baselines	logreg	0	LP__PLA2G2A	0.04960383310185899
donor_compartment_pseudobulk_baselines	logreg	0	Epi__GSTA1	0.047771315946341555
donor_compartment_pseudobulk_baselines	logreg	0	Epi__HSD3B2	0.04566976163427917
donor_compartment_pseudobulk_baselines	logreg	0	LP__MMP1	0.04445398040173233
donor_compartment_pseudobulk_baselines	logreg	0	LP__IGLL1	0.04399086547177171
donor_compartment_pseudobulk_baselines	logreg	0	LP__IGLV10-54	0.04386583362103639
donor_compartment_pseudobulk_baselines	logreg	0	Epi__GCG	0.04191949013625154
donor_compartment_pseudobulk_baselines	logreg	0	LP__REG4	0.041581779070593065
donor_compartment_pseudobulk_baselines	logreg	0	Epi__HOXB13	0.04103750048794298
donor_compartment_pseudobulk_baselines	logreg	0	Epi__PRSS22	0.04095170780112803
donor_compartment_pseudobulk_baselines	logreg	0	LP__TFF1	0.04061145519832671
donor_compartment_pseudobulk_baselines	logreg	0	Epi__INSL5	0.04049323949799174
donor_compartment_pseudobulk_baselines	logreg	0	LP__HOXB13	0.03990076598220945
donor_compartment_pseudobulk_baselines	logreg	0	LP__LCN2	0.03944436438641728
donor_compartment_pseudobulk_baselines	logreg	0	LP__BGN	0.03940855895354841
donor_compartment_pseudobulk_baselines	logreg	0	LP__IGLV3-16	0.03882208405138219
donor_compartment_pseudobulk_baselines	logreg	0	LP__FFAR4	0.038633282971170795
donor_compartment_pseudobulk_baselines	logreg	0	LP__FGF23	0.038606460434307384
donor_compartment_pseudobulk_baselines	logreg	0	LP__FABP4	0.0384808275238905
donor_compartment_pseudobulk_baselines	logreg	0	Epi__TFF1	0.03836105924867058
donor_compartment_pseudobulk_baselines	logreg	0	LP__IGLV3-10	0.03832774573942222
donor_compartment_pseudobulk_baselines	logreg	0	LP__CHGA	0.03831983039312878
donor_compartment_pseudobulk_baselines	logreg	0	LP__FCN1	0.037548249356131776
donor_compartment_pseudobulk_baselines	logreg	0	LP__GCG	0.03734037486082599
donor_compartment_pseudobulk_baselines	logreg	0	LP__MUC5B	0.03726091830463255
donor_compartment_pseudobulk_baselines	logreg	0	Epi__PRAC1	0.03709051393934652
donor_compartment_pseudobulk_baselines	logreg	0	LP__SPINK4	0.036885754229752855
donor_compartment_pseudobulk_baselines	logreg	0	LP__SPINK5	0.03681538175677876
donor_compartment_pseudobulk_baselines	logreg	0	LP__MMP3	0.03676397066367319
donor_compartment_pseudobulk_baselines	logreg	0	LP__DUOX2	0.03669659310317896
donor_compartment_pseudobulk_baselines	logreg	0	LP__RGS5	0.03663377204293973
donor_compartment_pseudobulk_baselines	logreg	0	LP__CDC42EP5	0.03634648154850133
donor_compartment_pseudobulk_baselines	logreg	0	LP__C4BPB	0.035814477329906315
donor_compartment_pseudobulk_baselines	logreg	0	LP__OLFM4	0.03559209877778841
donor_compartment_pseudobulk_baselines	logreg	0	LP__PRAC1	0.03554439377005161
donor_compartment_pseudobulk_baselines	logreg	0	LP__CEACAM6	0.03551135003895411
donor_compartment_pseudobulk_baselines	logreg	0	LP__TMC5	0.035259351716317985
donor_compartment_pseudobulk_baselines	logreg	0	LP__IGHA2	0.03503686042548048
donor_compartment_pseudobulk_baselines	logreg	0	LP__AQP1	0.034842340011853955
donor_compartment_pseudobulk_baselines	logreg	0	Epi__ST6GALNAC6	0.03457232238235399
donor_compartment_pseudobulk_baselines	logreg	0	LP__GJB3	0.03426488188337974
donor_compartment_pseudobulk_baselines	logreg	0	Epi__FAM3B	0.03405369964907005
donor_compartment_pseudobulk_baselines	logreg	0	LP__FAM65B	0.033746924193288806
donor_compartment_pseudobulk_baselines	logreg	0	LP__DUOXA2	0.033451233689160954
donor_compartment_pseudobulk_baselines	logreg	0	LP__B3GALT5	0.03330004113412597
donor_compartment_pseudobulk_baselines	logreg	0	Epi__REG4	0.03319468569359318
donor_compartment_pseudobulk_baselines	linear_svm	0	Epi__GSTA1	0.01195442090930192
donor_compartment_pseudobulk_baselines	linear_svm	0	Epi__PLA2G2A	0.011766912468655386
donor_compartment_pseudobulk_baselines	linear_svm	0	LP__S100P	0.011324836821181777
donor_compartment_pseudobulk_baselines	linear_svm	0	Epi__S100P	0.011014324650598794
donor_compartment_pseudobulk_baselines	linear_svm	0	LP__PLA2G2A	0.010720869294393734
donor_compartment_pseudobulk_baselines	linear_svm	0	LP__IGLL1	0.010075361552126042
donor_compartment_pseudobulk_baselines	linear_svm	0	Epi__GCG	0.009817738924975736
donor_compartment_pseudobulk_baselines	linear_svm	0	LP__IGLV3-16	0.009576414151438353
donor_compartment_pseudobulk_baselines	linear_svm	0	LP__MMP1	0.009546337141181315
donor_compartment_pseudobulk_baselines	linear_svm	0	Epi__TIMP1	0.009532358092188985
donor_compartment_pseudobulk_baselines	linear_svm	0	Epi__INSL5	0.009461350030377767
donor_compartment_pseudobulk_baselines	linear_svm	0	LP__IGLV10-54	0.009235178487095274
donor_compartment_pseudobulk_baselines	linear_svm	0	LP__FAM65B	0.008929814611683608
donor_compartment_pseudobulk_baselines	linear_svm	0	Epi__HSD3B2	0.008854163758324044
donor_compartment_pseudobulk_baselines	linear_svm	0	LP__IGHD	0.008481152899728705
donor_compartment_pseudobulk_baselines	linear_svm	0	LP__CHGA	0.008374688235270383
donor_compartment_pseudobulk_baselines	linear_svm	0	LP__RGS5	0.008338261236009387
donor_compartment_pseudobulk_baselines	linear_svm	0	LP__TFF1	0.008288618802591971
donor_compartment_pseudobulk_baselines	linear_svm	0	LP__GCG	0.008266525897909062
donor_compartment_pseudobulk_baselines	linear_svm	0	LP__REG4	0.008252603094260407
donor_compartment_pseudobulk_baselines	linear_svm	0	LP__IGLV5-45	0.008235695405796032
donor_compartment_pseudobulk_baselines	linear_svm	0	Epi__PRSS22	0.008235343415941768
donor_compartment_pseudobulk_baselines	linear_svm	0	LP__FABP4	0.008222395050846626
donor_compartment_pseudobulk_baselines	linear_svm	0	LP__HOXB13	0.008195294774456865
donor_compartment_pseudobulk_baselines	linear_svm	0	LP__CHI3L2	0.00817146193417415
donor_compartment_pseudobulk_baselines	linear_svm	0	LP__FGF23	0.008146746218524986
donor_compartment_pseudobulk_baselines	linear_svm	0	LP__FCN1	0.008084075729766414
donor_compartment_pseudobulk_baselines	linear_svm	0	LP__URAD	0.007866793318350307
donor_compartment_pseudobulk_baselines	linear_svm	0	LP__IGLV3-10	0.007808343906655884
donor_compartment_pseudobulk_baselines	linear_svm	0	LP__GUSBP11	0.0077449272202647634
donor_compartment_pseudobulk_baselines	linear_svm	0	LP__LCN2	0.007670519182613185
donor_compartment_pseudobulk_baselines	linear_svm	0	Epi__TFF1	0.007587059319200667
donor_compartment_pseudobulk_baselines	linear_svm	0	LP__INSL5	0.0075243838272885865
donor_compartment_pseudobulk_baselines	linear_svm	0	LP__BGN	0.007509978033551851
donor_compartment_pseudobulk_baselines	linear_svm	0	LP__MUC5B	0.007424477325324606
donor_compartment_pseudobulk_baselines	linear_svm	0	LP__FFAR4	0.00742023165607644
donor_compartment_pseudobulk_baselines	linear_svm	0	LP__B3GALT5	0.007305841280473163
donor_compartment_pseudobulk_baselines	linear_svm	0	LP__IGHA2	0.007293153698971022
donor_compartment_pseudobulk_baselines	linear_svm	0	LP__DUOX2	0.00728407718227258
donor_compartment_pseudobulk_baselines	linear_svm	0	Epi__HOXB13	0.0072749699009176695
donor_compartment_pseudobulk_baselines	linear_svm	0	LP__WT1-AS	0.007244195833506883
donor_compartment_pseudobulk_baselines	linear_svm	0	LP__SPINK4	0.007166008683125634
donor_compartment_pseudobulk_baselines	linear_svm	0	LP__CDC42EP5	0.00712454069316379
donor_compartment_pseudobulk_baselines	linear_svm	0	Epi__MTRNR2L1	0.007123347112145482
donor_compartment_pseudobulk_baselines	linear_svm	0	LP__TMC5	0.007033129408380414
donor_compartment_pseudobulk_baselines	linear_svm	0	LP__MT-ND4L	0.007020556564455515
donor_compartment_pseudobulk_baselines	linear_svm	0	LP__SPINK5	0.006965331308335874
donor_compartment_pseudobulk_baselines	linear_svm	0	LP__MT-ATP8	0.006955309357423821
donor_compartment_pseudobulk_baselines	linear_svm	0	LP__MUC12	0.006942581995743038
donor_compartment_pseudobulk_baselines	linear_svm	0	LP__MT-TV	0.006940421063838073
donor_compartment_pseudobulk_baselines	xgb	0	LP__SPINK4	0.28774014115333557
donor_compartment_pseudobulk_baselines	xgb	0	LP__LCN2	0.23746639490127563
donor_compartment_pseudobulk_baselines	xgb	0	LP__S100P	0.22899752855300903
donor_compartment_pseudobulk_baselines	xgb	0	LP__OLFM4	0.05662383884191513
donor_compartment_pseudobulk_baselines	xgb	0	Epi__TIMP1	0.0510578453540802
donor_compartment_pseudobulk_baselines	xgb	0	Epi__RP11-708H21.4	0.03575611114501953
donor_compartment_pseudobulk_baselines	xgb	0	LP__PIGR	0.03193514049053192
donor_compartment_pseudobulk_baselines	xgb	0	LP__MMP3	0.02495405450463295
donor_compartment_pseudobulk_baselines	xgb	0	LP__ZG16	0.023113444447517395
donor_compartment_pseudobulk_baselines	xgb	0	Epi__PRAC1	0.02235553041100502
donor_compartment_pseudobulk_baselines	xgb	0	Epi__REG1A	0.0
donor_compartment_pseudobulk_baselines	xgb	0	Epi__ATP6V1A	0.0
donor_compartment_pseudobulk_baselines	xgb	0	Epi__MTRNR2L7	0.0
donor_compartment_pseudobulk_baselines	xgb	0	LP__LRRC26	0.0
donor_compartment_pseudobulk_baselines	xgb	0	Epi__TESC	0.0
donor_compartment_pseudobulk_baselines	xgb	0	Epi__AC092580.4	0.0
donor_compartment_pseudobulk_baselines	xgb	0	LP__CXCR5	0.0
donor_compartment_pseudobulk_baselines	xgb	0	Epi__LGALS1	0.0
donor_compartment_pseudobulk_baselines	xgb	0	LP__AKR1C3	0.0
donor_compartment_pseudobulk_baselines	xgb	0	LP__ERN2	0.0
donor_compartment_pseudobulk_baselines	xgb	0	LP__IGKV2D-28	0.0
donor_compartment_pseudobulk_baselines	xgb	0	Epi__RPS4Y2	0.0
donor_compartment_pseudobulk_baselines	xgb	0	LP__MYO5B	0.0
donor_compartment_pseudobulk_baselines	xgb	0	Epi__HSD17B2	0.0
donor_compartment_pseudobulk_baselines	xgb	0	LP__STAP2	0.0
donor_compartment_pseudobulk_baselines	xgb	0	Epi__IL2RG	0.0
donor_compartment_pseudobulk_baselines	xgb	0	LP__POF1B	0.0
donor_compartment_pseudobulk_baselines	xgb	0	Epi__MUC5AC	0.0
donor_compartment_pseudobulk_baselines	xgb	0	Epi__PLLP	0.0
donor_compartment_pseudobulk_baselines	xgb	0	LP__GOLIM4	0.0
donor_compartment_pseudobulk_baselines	xgb	0	Epi__SOD3	0.0
donor_compartment_pseudobulk_baselines	xgb	0	Epi__IL1B	0.0
donor_compartment_pseudobulk_baselines	xgb	0	Epi__MGAT4B	0.0
donor_compartment_pseudobulk_baselines	xgb	0	Epi__RP11-347P5.1	0.0
donor_compartment_pseudobulk_baselines	xgb	0	LP__ANXA3	0.0
donor_compartment_pseudobulk_baselines	xgb	0	Epi__NUFIP2	0.0
donor_compartment_pseudobulk_baselines	xgb	0	Epi__APOE	0.0
donor_compartment_pseudobulk_baselines	xgb	0	LP__WNK2	0.0
donor_compartment_pseudobulk_baselines	xgb	0	LP__LRRC69	0.0
donor_compartment_pseudobulk_baselines	xgb	0	Epi__AGR3	0.0
donor_compartment_pseudobulk_baselines	xgb	0	Epi__QTRT1	0.0
donor_compartment_pseudobulk_baselines	xgb	0	Epi__CTD-2292M16.8	0.0
donor_compartment_pseudobulk_baselines	xgb	0	Epi__MAGI2-AS3	0.0
donor_compartment_pseudobulk_baselines	xgb	0	LP__ENTPD8	0.0
donor_compartment_pseudobulk_baselines	xgb	0	Epi__FABP2	0.0
donor_compartment_pseudobulk_baselines	xgb	0	LP__SLC39A5	0.0
donor_compartment_pseudobulk_baselines	xgb	0	LP__REP15	0.0
donor_compartment_pseudobulk_baselines	xgb	0	LP__TSPYL1	0.0
donor_compartment_pseudobulk_baselines	xgb	0	Epi__RIN2	0.0
donor_compartment_pseudobulk_baselines	xgb	0	LP__RP11-262H14.3	0.0
donor_compartment_pseudobulk_baselines	logreg	1	Epi__S100P	0.05278095191039123
donor_compartment_pseudobulk_baselines	logreg	1	Epi__RP11-462G2.1	0.04913932173052248
donor_compartment_pseudobulk_baselines	logreg	1	Epi__PRAC1	0.04768818959045368
donor_compartment_pseudobulk_baselines	logreg	1	LP__PRAC1	0.04747957445784071
donor_compartment_pseudobulk_baselines	logreg	1	LP__S100P	0.04601241389831981
donor_compartment_pseudobulk_baselines	logreg	1	Epi__HOXB13	0.04451965749449161
donor_compartment_pseudobulk_baselines	logreg	1	Epi__FAM3B	0.04440085401237813
donor_compartment_pseudobulk_baselines	logreg	1	Epi__PLA2G2A	0.04289244496250317
donor_compartment_pseudobulk_baselines	logreg	1	Epi__TIMP1	0.0427838398109616
donor_compartment_pseudobulk_baselines	logreg	1	Epi__MYEOV	0.041721583496480245
donor_compartment_pseudobulk_baselines	logreg	1	Epi__PRAC2	0.04061092375188266
donor_compartment_pseudobulk_baselines	logreg	1	LP__IGLV10-54	0.04036204457196997
donor_compartment_pseudobulk_baselines	logreg	1	Epi__DMKN	0.04017063969783485
donor_compartment_pseudobulk_baselines	logreg	1	Epi__PITX1	0.03932127010001947
donor_compartment_pseudobulk_baselines	logreg	1	LP__REG4	0.039276428267975026
donor_compartment_pseudobulk_baselines	logreg	1	Epi__B4GALNT2	0.03880573408851009
donor_compartment_pseudobulk_baselines	logreg	1	Epi__ST3GAL4	0.03878996632830613
donor_compartment_pseudobulk_baselines	logreg	1	Epi__PITX2	0.038731271158956485
donor_compartment_pseudobulk_baselines	logreg	1	LP__GALNT5	0.03848580037647315
donor_compartment_pseudobulk_baselines	logreg	1	Epi__INSL5	0.03811868608816948
donor_compartment_pseudobulk_baselines	logreg	1	LP__BGN	0.0376941687896097
donor_compartment_pseudobulk_baselines	logreg	1	Epi__IL1RN	0.03766221682955517
donor_compartment_pseudobulk_baselines	logreg	1	Epi__SDR16C5	0.03741392979114812
donor_compartment_pseudobulk_baselines	logreg	1	LP__LINC00261	0.03723738438533438
donor_compartment_pseudobulk_baselines	logreg	1	LP__HOXB13	0.0363959102657153
donor_compartment_pseudobulk_baselines	logreg	1	Epi__TFF1	0.03636300754446502
donor_compartment_pseudobulk_baselines	logreg	1	LP__AQP1	0.036354534388722555
donor_compartment_pseudobulk_baselines	logreg	1	LP__PRAC2	0.03613353655389333
donor_compartment_pseudobulk_baselines	logreg	1	LP__TFF1	0.035902525542206125
donor_compartment_pseudobulk_baselines	logreg	1	Epi__LINC00261	0.03529894366737583
donor_compartment_pseudobulk_baselines	logreg	1	Epi__SERPINB5	0.03523696691405493
donor_compartment_pseudobulk_baselines	logreg	1	Epi__LPCAT1	0.03517811161995281
donor_compartment_pseudobulk_baselines	logreg	1	LP__MUC12	0.03500748229965963
donor_compartment_pseudobulk_baselines	logreg	1	LP__CHGA	0.034832136652522064
donor_compartment_pseudobulk_baselines	logreg	1	Epi__RBP4	0.03474454666558474
donor_compartment_pseudobulk_baselines	logreg	1	Epi__CLU	0.03435044308957909
donor_compartment_pseudobulk_baselines	logreg	1	Epi__PRSS22	0.034218828889613716
donor_compartment_pseudobulk_baselines	logreg	1	Epi__REG4	0.03416885034782302
donor_compartment_pseudobulk_baselines	logreg	1	Epi__PLLP	0.03389877250238571
donor_compartment_pseudobulk_baselines	logreg	1	Epi__GNA15	0.03372214406928683
donor_compartment_pseudobulk_baselines	logreg	1	Epi__KLK12	0.03352171245588725
donor_compartment_pseudobulk_baselines	logreg	1	LP__ACTG2	0.033506176816277565
donor_compartment_pseudobulk_baselines	logreg	1	LP__MLPH	0.0334042268697489
donor_compartment_pseudobulk_baselines	logreg	1	Epi__DEFA5	0.03338297708161047
donor_compartment_pseudobulk_baselines	logreg	1	LP__SPINK4	0.03335811512554016
donor_compartment_pseudobulk_baselines	logreg	1	Epi__RP11-708H21.4	0.03333391567706001
donor_compartment_pseudobulk_baselines	logreg	1	LP__MUC5B	0.03332197648803928
donor_compartment_pseudobulk_baselines	logreg	1	Epi__GCG	0.03305282356606217
donor_compartment_pseudobulk_baselines	logreg	1	LP__PI3	0.03276684200418177
donor_compartment_pseudobulk_baselines	logreg	1	Epi__DEFA6	0.032759995536813705
donor_compartment_pseudobulk_baselines	linear_svm	1	Epi__S100P	0.010642868192838132
donor_compartment_pseudobulk_baselines	linear_svm	1	Epi__RP11-462G2.1	0.009812518507303324
donor_compartment_pseudobulk_baselines	linear_svm	1	Epi__PRAC1	0.00915288353176388
donor_compartment_pseudobulk_baselines	linear_svm	1	LP__S100P	0.009026982663232938
donor_compartment_pseudobulk_baselines	linear_svm	1	LP__PRAC1	0.00897181036737077
donor_compartment_pseudobulk_baselines	linear_svm	1	Epi__PLA2G2A	0.008606153593557406
donor_compartment_pseudobulk_baselines	linear_svm	1	LP__IGLV10-54	0.00836386146823181
donor_compartment_pseudobulk_baselines	linear_svm	1	Epi__MYEOV	0.008293531646040306
donor_compartment_pseudobulk_baselines	linear_svm	1	Epi__PITX1	0.00826616981216132
donor_compartment_pseudobulk_baselines	linear_svm	1	Epi__HOXB13	0.00823145812380798
donor_compartment_pseudobulk_baselines	linear_svm	1	Epi__FAM3B	0.008182551361044097
donor_compartment_pseudobulk_baselines	linear_svm	1	Epi__TIMP1	0.007975481400887165
donor_compartment_pseudobulk_baselines	linear_svm	1	LP__REG4	0.007625769065718084
donor_compartment_pseudobulk_baselines	linear_svm	1	Epi__PRAC2	0.007611203788714336
donor_compartment_pseudobulk_baselines	linear_svm	1	LP__GALNT5	0.007565396856287078
donor_compartment_pseudobulk_baselines	linear_svm	1	Epi__SDR16C5	0.007561263221001535
donor_compartment_pseudobulk_baselines	linear_svm	1	Epi__PITX2	0.007541779261668733
donor_compartment_pseudobulk_baselines	linear_svm	1	Epi__B4GALNT2	0.0075162733643836304
donor_compartment_pseudobulk_baselines	linear_svm	1	Epi__DMKN	0.007357895648364827
donor_compartment_pseudobulk_baselines	linear_svm	1	Epi__IL1RN	0.007193769133450758
donor_compartment_pseudobulk_baselines	linear_svm	1	LP__LINC00261	0.007123882595571179
donor_compartment_pseudobulk_baselines	linear_svm	1	LP__AQP1	0.007061791644004703
donor_compartment_pseudobulk_baselines	linear_svm	1	Epi__UGT2B17	0.007028976807396193
donor_compartment_pseudobulk_baselines	linear_svm	1	LP__BGN	0.0070062729849038495
donor_compartment_pseudobulk_baselines	linear_svm	1	Epi__ST3GAL4	0.006929008842612703
donor_compartment_pseudobulk_baselines	linear_svm	1	LP__HOXB13	0.00688583188486328
donor_compartment_pseudobulk_baselines	linear_svm	1	Epi__SERPINB5	0.006801044889031421
donor_compartment_pseudobulk_baselines	linear_svm	1	LP__IGHV3-9	0.006782373970965713
donor_compartment_pseudobulk_baselines	linear_svm	1	LP__CHGA	0.006766234120525446
donor_compartment_pseudobulk_baselines	linear_svm	1	Epi__REG4	0.006765165184996801
donor_compartment_pseudobulk_baselines	linear_svm	1	Epi__CLU	0.006719805194512797
donor_compartment_pseudobulk_baselines	linear_svm	1	Epi__SOD3	0.006692884422804176
donor_compartment_pseudobulk_baselines	linear_svm	1	Epi__PLLP	0.006689118606153481
donor_compartment_pseudobulk_baselines	linear_svm	1	Epi__DEFA5	0.006681703156762929
donor_compartment_pseudobulk_baselines	linear_svm	1	Epi__INSL5	0.0066660377705511946
donor_compartment_pseudobulk_baselines	linear_svm	1	Epi__LPCAT1	0.0066253177413889575
donor_compartment_pseudobulk_baselines	linear_svm	1	LP__TFF1	0.006603757757455221
donor_compartment_pseudobulk_baselines	linear_svm	1	Epi__TFF1	0.0065937641235820086
donor_compartment_pseudobulk_baselines	linear_svm	1	LP__IGLV3-16	0.006542825243993104
donor_compartment_pseudobulk_baselines	linear_svm	1	LP__RNA18S5	0.006526735947535953
donor_compartment_pseudobulk_baselines	linear_svm	1	LP__SST	0.006502515460770251
donor_compartment_pseudobulk_baselines	linear_svm	1	LP__MUC12	0.0065023047218987365
donor_compartment_pseudobulk_baselines	linear_svm	1	Epi__DEFA6	0.006487414391773594
donor_compartment_pseudobulk_baselines	linear_svm	1	LP__UGT2B17	0.006483774826862811
donor_compartment_pseudobulk_baselines	linear_svm	1	LP__CAPN8	0.006464294089639278
donor_compartment_pseudobulk_baselines	linear_svm	1	Epi__GCG	0.0064451998532180045
donor_compartment_pseudobulk_baselines	linear_svm	1	Epi__RBP4	0.006386215063719482
donor_compartment_pseudobulk_baselines	linear_svm	1	Epi__LINC00261	0.006377430564128279
donor_compartment_pseudobulk_baselines	linear_svm	1	LP__RGS5	0.006373903673418743
donor_compartment_pseudobulk_baselines	linear_svm	1	Epi__KLK12	0.006363149329593426
donor_compartment_pseudobulk_baselines	xgb	1	LP__SPINK4	0.2582489848136902
donor_compartment_pseudobulk_baselines	xgb	1	LP__REG4	0.19627533853054047
donor_compartment_pseudobulk_baselines	xgb	1	LP__S100P	0.11356624960899353
donor_compartment_pseudobulk_baselines	xgb	1	Epi__PRAC1	0.10743685066699982
donor_compartment_pseudobulk_baselines	xgb	1	LP__PRAC1	0.04974277690052986
donor_compartment_pseudobulk_baselines	xgb	1	LP__PLA2G2A	0.04773583635687828
donor_compartment_pseudobulk_baselines	xgb	1	Epi__S100P	0.04491841048002243
donor_compartment_pseudobulk_baselines	xgb	1	Epi__IGHA2	0.04106319695711136
donor_compartment_pseudobulk_baselines	xgb	1	LP__SERPINB5	0.040599942207336426
donor_compartment_pseudobulk_baselines	xgb	1	Epi__PI3	0.03436899185180664
donor_compartment_pseudobulk_baselines	xgb	1	Epi__SERPINB5	0.028622983023524284
donor_compartment_pseudobulk_baselines	xgb	1	Epi__ME1	0.019492071121931076
donor_compartment_pseudobulk_baselines	xgb	1	Epi__PLLP	0.017928386107087135
donor_compartment_pseudobulk_baselines	xgb	1	Epi__ZNF90	0.0
donor_compartment_pseudobulk_baselines	xgb	1	LP__PRR15L	0.0
donor_compartment_pseudobulk_baselines	xgb	1	LP__RHBDL2	0.0
donor_compartment_pseudobulk_baselines	xgb	1	Epi__EDARADD	0.0
donor_compartment_pseudobulk_baselines	xgb	1	LP__ANXA3	0.0
donor_compartment_pseudobulk_baselines	xgb	1	Epi__RIN2	0.0
donor_compartment_pseudobulk_baselines	xgb	1	LP__MAOA	0.0
donor_compartment_pseudobulk_baselines	xgb	1	Epi__AGR3	0.0
donor_compartment_pseudobulk_baselines	xgb	1	Epi__PUS7L	0.0
donor_compartment_pseudobulk_baselines	xgb	1	LP__POF1B	0.0
donor_compartment_pseudobulk_baselines	xgb	1	Epi__ISG15	0.0
donor_compartment_pseudobulk_baselines	xgb	1	Epi__RP11-425A6.5	0.0
donor_compartment_pseudobulk_baselines	xgb	1	Epi__USP25	0.0
donor_compartment_pseudobulk_baselines	xgb	1	Epi__CTD-2292M16.8	0.0
donor_compartment_pseudobulk_baselines	xgb	1	Epi__QTRT1	0.0
donor_compartment_pseudobulk_baselines	xgb	1	LP__EHF	0.0
donor_compartment_pseudobulk_baselines	xgb	1	Epi__PRKRIR	0.0
donor_compartment_pseudobulk_baselines	xgb	1	Epi__SERPINA1	0.0
donor_compartment_pseudobulk_baselines	xgb	1	Epi__PMP22	0.0
donor_compartment_pseudobulk_baselines	xgb	1	LP__IGHG2	0.0
donor_compartment_pseudobulk_baselines	xgb	1	LP__NEU4	0.0
donor_compartment_pseudobulk_baselines	xgb	1	LP__IGKV1-9	0.0
donor_compartment_pseudobulk_baselines	xgb	1	LP__FGFBP1	0.0
donor_compartment_pseudobulk_baselines	xgb	1	LP__MYO1A	0.0
donor_compartment_pseudobulk_baselines	xgb	1	Epi__OASL	0.0
donor_compartment_pseudobulk_baselines	xgb	1	Epi__GYPC	0.0
donor_compartment_pseudobulk_baselines	xgb	1	Epi__REG1A	0.0
donor_compartment_pseudobulk_baselines	xgb	1	LP__REP15	0.0
donor_compartment_pseudobulk_baselines	xgb	1	Epi__ZNF525	0.0
donor_compartment_pseudobulk_baselines	xgb	1	LP__TMPRSS4	0.0
donor_compartment_pseudobulk_baselines	xgb	1	Epi__LSP1	0.0
donor_compartment_pseudobulk_baselines	xgb	1	LP__AC079767.4	0.0
donor_compartment_pseudobulk_baselines	xgb	1	LP__C9orf152	0.0
donor_compartment_pseudobulk_baselines	xgb	1	Epi__LIMD2	0.0
donor_compartment_pseudobulk_baselines	xgb	1	Epi__MFSD4	0.0
donor_compartment_pseudobulk_baselines	xgb	1	LP__RP11-262H14.3	0.0
donor_compartment_pseudobulk_baselines	xgb	1	Epi__CTD-2626G11.2	0.0
donor_compartment_pseudobulk_baselines	logreg	2	LP__COL12A1	0.04723393264680931
donor_compartment_pseudobulk_baselines	logreg	2	LP__TNC	0.04630514853620307
donor_compartment_pseudobulk_baselines	logreg	2	Epi__PITX2	0.043690277218816645
donor_compartment_pseudobulk_baselines	logreg	2	LP__IL17A	0.043289402267926276
donor_compartment_pseudobulk_baselines	logreg	2	Epi__TIMP1	0.0430646832471655
donor_compartment_pseudobulk_baselines	logreg	2	Epi__SLC51A	0.041341672794382424
donor_compartment_pseudobulk_baselines	logreg	2	Epi__HSD3B2	0.04115887635498323
donor_compartment_pseudobulk_baselines	logreg	2	Epi__GJB3	0.04109055110406959
donor_compartment_pseudobulk_baselines	logreg	2	Epi__FAM3B	0.04099054288404073
donor_compartment_pseudobulk_baselines	logreg	2	Epi__S100P	0.040788971198579584
donor_compartment_pseudobulk_baselines	logreg	2	LP__MMP3	0.0405781530702128
donor_compartment_pseudobulk_baselines	logreg	2	Epi__HOXB13	0.04015206919787037
donor_compartment_pseudobulk_baselines	logreg	2	LP__COL6A3	0.03994270067000377
donor_compartment_pseudobulk_baselines	logreg	2	Epi__PRAC1	0.03901567823793911
donor_compartment_pseudobulk_baselines	logreg	2	Epi__GCG	0.038400794915373584
donor_compartment_pseudobulk_baselines	logreg	2	Epi__B4GALNT2	0.03808715561892158
donor_compartment_pseudobulk_baselines	logreg	2	LP__S100P	0.03777224192012561
donor_compartment_pseudobulk_baselines	logreg	2	LP__IGLV10-54	0.037707966617958166
donor_compartment_pseudobulk_baselines	logreg	2	Epi__CTSE	0.03687210498703235
donor_compartment_pseudobulk_baselines	logreg	2	LP__BGN	0.03684645690232402
donor_compartment_pseudobulk_baselines	logreg	2	Epi__MYEOV	0.03647575234770387
donor_compartment_pseudobulk_baselines	logreg	2	Epi__IRS1	0.03638532256466793
donor_compartment_pseudobulk_baselines	logreg	2	Epi__SLC17A4	0.03627866193246299
donor_compartment_pseudobulk_baselines	logreg	2	Epi__TMEM82	0.03617059667294693
donor_compartment_pseudobulk_baselines	logreg	2	LP__IGHG1	0.03606301640931623
donor_compartment_pseudobulk_baselines	logreg	2	Epi__SERPINB5	0.03594197988118403
donor_compartment_pseudobulk_baselines	logreg	2	Epi__RP11-349K16.1	0.035695416233249566
donor_compartment_pseudobulk_baselines	logreg	2	Epi__PRAC2	0.03547228875387698
donor_compartment_pseudobulk_baselines	logreg	2	Epi__RAMP1	0.035179367399418585
donor_compartment_pseudobulk_baselines	logreg	2	LP__PCDH17	0.03495879440833001
donor_compartment_pseudobulk_baselines	logreg	2	Epi__EDN2	0.03495502586534073
donor_compartment_pseudobulk_baselines	logreg	2	Epi__DMKN	0.034898131336732856
donor_compartment_pseudobulk_baselines	logreg	2	Epi__RP11-708H21.4	0.03454206471400572
donor_compartment_pseudobulk_baselines	logreg	2	Epi__ST3GAL4	0.03439902038171336
donor_compartment_pseudobulk_baselines	logreg	2	LP__MFAP5	0.034396637290113746
donor_compartment_pseudobulk_baselines	logreg	2	Epi__CTD-2228K2.5	0.034305678641540396
donor_compartment_pseudobulk_baselines	logreg	2	Epi__AQP7	0.03420535938610545
donor_compartment_pseudobulk_baselines	logreg	2	Epi__PLLP	0.03396043969086676
donor_compartment_pseudobulk_baselines	logreg	2	Epi__LINC00261	0.03351411192670392
donor_compartment_pseudobulk_baselines	logreg	2	LP__FN1	0.03344919080717939
donor_compartment_pseudobulk_baselines	logreg	2	Epi__OASL	0.03333645199205867
donor_compartment_pseudobulk_baselines	logreg	2	LP__POSTN	0.033202114442379554
donor_compartment_pseudobulk_baselines	logreg	2	Epi__INSL5	0.0329570985853755
donor_compartment_pseudobulk_baselines	logreg	2	Epi__SPON1	0.0329543512575368
donor_compartment_pseudobulk_baselines	logreg	2	LP__AQP1	0.03294051155180693
donor_compartment_pseudobulk_baselines	logreg	2	Epi__SLC37A2	0.03279481894867417
donor_compartment_pseudobulk_baselines	logreg	2	Epi__PRSS22	0.03274313335325501
donor_compartment_pseudobulk_baselines	logreg	2	LP__PI3	0.03251258301255616
donor_compartment_pseudobulk_baselines	logreg	2	LP__CCL21	0.03234633102104242
donor_compartment_pseudobulk_baselines	logreg	2	LP__SERPINA1	0.03224426510644971
donor_compartment_pseudobulk_baselines	linear_svm	2	LP__IL17A	0.009910432657101498
donor_compartment_pseudobulk_baselines	linear_svm	2	LP__TNC	0.009448621334808876
donor_compartment_pseudobulk_baselines	linear_svm	2	LP__COL12A1	0.00935087793596827
donor_compartment_pseudobulk_baselines	linear_svm	2	Epi__SLC51A	0.008371996098830197
donor_compartment_pseudobulk_baselines	linear_svm	2	Epi__HSD3B2	0.00830328630901869
donor_compartment_pseudobulk_baselines	linear_svm	2	Epi__FAM3B	0.008031426937442741
donor_compartment_pseudobulk_baselines	linear_svm	2	Epi__TIMP1	0.008005099959102976
donor_compartment_pseudobulk_baselines	linear_svm	2	Epi__PITX2	0.007977203922986582
donor_compartment_pseudobulk_baselines	linear_svm	2	Epi__GJB3	0.007928214434448246
donor_compartment_pseudobulk_baselines	linear_svm	2	LP__CCL21	0.007923986501317443
donor_compartment_pseudobulk_baselines	linear_svm	2	LP__MMP3	0.007792074188098268
donor_compartment_pseudobulk_baselines	linear_svm	2	LP__COL6A3	0.007668823388141004
donor_compartment_pseudobulk_baselines	linear_svm	2	Epi__S100P	0.007558571866726393
donor_compartment_pseudobulk_baselines	linear_svm	2	Epi__GCG	0.007549973066330237
donor_compartment_pseudobulk_baselines	linear_svm	2	LP__IGLV10-54	0.007296751701062661
donor_compartment_pseudobulk_baselines	linear_svm	2	LP__S100P	0.007209997721954894
donor_compartment_pseudobulk_baselines	linear_svm	2	Epi__HOXB13	0.007111736814825598
donor_compartment_pseudobulk_baselines	linear_svm	2	Epi__MYEOV	0.006977184084398379
donor_compartment_pseudobulk_baselines	linear_svm	2	LP__FGF23	0.006941309150461011
donor_compartment_pseudobulk_baselines	linear_svm	2	LP__POSTN	0.00692897803052568
donor_compartment_pseudobulk_baselines	linear_svm	2	LP__CCL18	0.006853499439141965
donor_compartment_pseudobulk_baselines	linear_svm	2	Epi__TMEM82	0.0068380710430659365
donor_compartment_pseudobulk_baselines	linear_svm	2	Epi__CTSE	0.006821707061428608
donor_compartment_pseudobulk_baselines	linear_svm	2	LP__BGN	0.006803847231441881
donor_compartment_pseudobulk_baselines	linear_svm	2	LP__IGHG1	0.0067890969927760884
donor_compartment_pseudobulk_baselines	linear_svm	2	Epi__PRAC1	0.006787604817952852
donor_compartment_pseudobulk_baselines	linear_svm	2	Epi__RP11-349K16.1	0.006777849830071185
donor_compartment_pseudobulk_baselines	linear_svm	2	LP__CTD-2090I13.1	0.006722258711874831
donor_compartment_pseudobulk_baselines	linear_svm	2	Epi__EDN2	0.006706277085127212
donor_compartment_pseudobulk_baselines	linear_svm	2	Epi__SLC17A4	0.006610224834050584
donor_compartment_pseudobulk_baselines	linear_svm	2	LP__IGLL1	0.006602845569632795
donor_compartment_pseudobulk_baselines	linear_svm	2	Epi__SLC37A2	0.006587821305337153
donor_compartment_pseudobulk_baselines	linear_svm	2	Epi__B4GALNT2	0.006575569922552886
donor_compartment_pseudobulk_baselines	linear_svm	2	LP__PCDH17	0.006545155393995307
donor_compartment_pseudobulk_baselines	linear_svm	2	Epi__IRS1	0.006396611030732338
donor_compartment_pseudobulk_baselines	linear_svm	2	LP__MMP1	0.006395022429377893
donor_compartment_pseudobulk_baselines	linear_svm	2	LP__RP1-17K7.2	0.006376110471207528
donor_compartment_pseudobulk_baselines	linear_svm	2	Epi__SERPINB5	0.0063756154626445315
donor_compartment_pseudobulk_baselines	linear_svm	2	LP__GPM6A	0.006338868080418747
donor_compartment_pseudobulk_baselines	linear_svm	2	Epi__RAMP1	0.006336536839133704
donor_compartment_pseudobulk_baselines	linear_svm	2	LP__MFAP5	0.006317842803849082
donor_compartment_pseudobulk_baselines	linear_svm	2	LP__ATXN8OS	0.006260679700012713
donor_compartment_pseudobulk_baselines	linear_svm	2	LP__RGS5	0.0062240570179085
donor_compartment_pseudobulk_baselines	linear_svm	2	Epi__AQP7	0.006171940926445883
donor_compartment_pseudobulk_baselines	linear_svm	2	Epi__ST3GAL4	0.006163725084586045
donor_compartment_pseudobulk_baselines	linear_svm	2	LP__PI3	0.006156954427836916
donor_compartment_pseudobulk_baselines	linear_svm	2	LP__SLITRK4	0.006133572931736919
donor_compartment_pseudobulk_baselines	linear_svm	2	Epi__PRAC2	0.0060457031017190155
donor_compartment_pseudobulk_baselines	linear_svm	2	Epi__OASL	0.006045382136066424
donor_compartment_pseudobulk_baselines	linear_svm	2	Epi__HSPB3	0.006041799447968864
donor_compartment_pseudobulk_baselines	xgb	2	LP__PRAC1	0.17145538330078125
donor_compartment_pseudobulk_baselines	xgb	2	LP__LCN2	0.17107000946998596
donor_compartment_pseudobulk_baselines	xgb	2	LP__PLA2G2A	0.1653362214565277
donor_compartment_pseudobulk_baselines	xgb	2	Epi__PRAC1	0.12982717156410217
donor_compartment_pseudobulk_baselines	xgb	2	LP__OLFM4	0.10096818953752518
donor_compartment_pseudobulk_baselines	xgb	2	LP__S100P	0.09391923993825912
donor_compartment_pseudobulk_baselines	xgb	2	LP__REG4	0.04859617352485657
donor_compartment_pseudobulk_baselines	xgb	2	LP__IGLV1-47	0.026243746280670166
donor_compartment_pseudobulk_baselines	xgb	2	Epi__TIMP1	0.022288816049695015
donor_compartment_pseudobulk_baselines	xgb	2	Epi__SERPINB5	0.0196879543364048
donor_compartment_pseudobulk_baselines	xgb	2	Epi__OASL	0.019087618216872215
donor_compartment_pseudobulk_baselines	xgb	2	Epi__OLFM4	0.01596115529537201
donor_compartment_pseudobulk_baselines	xgb	2	LP__IGLV1-40	0.015558375045657158
donor_compartment_pseudobulk_baselines	xgb	2	LP__AQP1	0.0
donor_compartment_pseudobulk_baselines	xgb	2	LP__TFCP2L1	0.0
donor_compartment_pseudobulk_baselines	xgb	2	LP__ENTPD8	0.0
donor_compartment_pseudobulk_baselines	xgb	2	Epi__CACNA1A	0.0
donor_compartment_pseudobulk_baselines	xgb	2	Epi__CD44	0.0
donor_compartment_pseudobulk_baselines	xgb	2	LP__BCAS1	0.0
donor_compartment_pseudobulk_baselines	xgb	2	Epi__TMEM171	0.0
donor_compartment_pseudobulk_baselines	xgb	2	Epi__REG1A	0.0
donor_compartment_pseudobulk_baselines	xgb	2	Epi__TMED7	0.0
donor_compartment_pseudobulk_baselines	xgb	2	LP__IGKV3-20	0.0
donor_compartment_pseudobulk_baselines	xgb	2	Epi__CLU	0.0
donor_compartment_pseudobulk_baselines	xgb	2	Epi__PTPRR	0.0
donor_compartment_pseudobulk_baselines	xgb	2	Epi__SERPINA1	0.0
donor_compartment_pseudobulk_baselines	xgb	2	LP__SHROOM3	0.0
donor_compartment_pseudobulk_baselines	xgb	2	Epi__PLLP	0.0
donor_compartment_pseudobulk_baselines	xgb	2	Epi__PPP2R5E	0.0
donor_compartment_pseudobulk_baselines	xgb	2	Epi__ISG15	0.0
donor_compartment_pseudobulk_baselines	xgb	2	LP__NRIP1	0.0
donor_compartment_pseudobulk_baselines	xgb	2	LP__KCNJ3	0.0
donor_compartment_pseudobulk_baselines	xgb	2	Epi__GMFB	0.0
donor_compartment_pseudobulk_baselines	xgb	2	LP__HK2	0.0
donor_compartment_pseudobulk_baselines	xgb	2	Epi__MRPL54	0.0
donor_compartment_pseudobulk_baselines	xgb	2	LP__NTRK2	0.0
donor_compartment_pseudobulk_baselines	xgb	2	LP__IL17A	0.0
donor_compartment_pseudobulk_baselines	xgb	2	LP__CCL11	0.0
donor_compartment_pseudobulk_baselines	xgb	2	LP__C9orf152	0.0
donor_compartment_pseudobulk_baselines	xgb	2	Epi__DMKN	0.0
donor_compartment_pseudobulk_baselines	xgb	2	Epi__RPS4Y2	0.0
donor_compartment_pseudobulk_baselines	xgb	2	Epi__EXPH5	0.0
donor_compartment_pseudobulk_baselines	xgb	2	LP__HNRNPH1	0.0
donor_compartment_pseudobulk_baselines	xgb	2	LP__PRR15L	0.0
donor_compartment_pseudobulk_baselines	xgb	2	Epi__PUS7L	0.0
donor_compartment_pseudobulk_baselines	xgb	2	LP__CKMT1B	0.0
donor_compartment_pseudobulk_baselines	xgb	2	Epi__MFSD2B	0.0
donor_compartment_pseudobulk_baselines	xgb	2	LP__FOXA2	0.0
donor_compartment_pseudobulk_baselines	xgb	2	LP__CCDC64B	0.0
donor_compartment_pseudobulk_baselines	xgb	2	LP__CAPZA1	0.0
donor_compartment_pseudobulk_baselines	logreg	3	Epi__PLA2G2A	0.056417686913040804
donor_compartment_pseudobulk_baselines	logreg	3	Epi__S100P	0.05573545409285173
donor_compartment_pseudobulk_baselines	logreg	3	LP__S100P	0.05517487490748003
donor_compartment_pseudobulk_baselines	logreg	3	Epi__GCG	0.0544518865939948
donor_compartment_pseudobulk_baselines	logreg	3	Epi__TIMP1	0.0502229438818107
donor_compartment_pseudobulk_baselines	logreg	3	LP__PLA2G2A	0.04804711485433203
donor_compartment_pseudobulk_baselines	logreg	3	Epi__INSL5	0.047024593281582525
donor_compartment_pseudobulk_baselines	logreg	3	LP__MADCAM1	0.04655912753788692
donor_compartment_pseudobulk_baselines	logreg	3	Epi__GSTA1	0.046485890425939966
donor_compartment_pseudobulk_baselines	logreg	3	LP__RGS5	0.04628795754305207
donor_compartment_pseudobulk_baselines	logreg	3	LP__TNC	0.04524355938145995
donor_compartment_pseudobulk_baselines	logreg	3	LP__GALNT5	0.04514750525173788
donor_compartment_pseudobulk_baselines	logreg	3	LP__IGLV10-54	0.045098285257326294
donor_compartment_pseudobulk_baselines	logreg	3	LP__BGN	0.04499433712357716
donor_compartment_pseudobulk_baselines	logreg	3	LP__IGLL1	0.043909009619983036
donor_compartment_pseudobulk_baselines	logreg	3	Epi__HOXB13	0.04321677416726473
donor_compartment_pseudobulk_baselines	logreg	3	Epi__PRAC1	0.04321216007267822
donor_compartment_pseudobulk_baselines	logreg	3	LP__MMP1	0.04297442187033855
donor_compartment_pseudobulk_baselines	logreg	3	LP__IGLV3-16	0.04294183073348977
donor_compartment_pseudobulk_baselines	logreg	3	Epi__GJB3	0.042630736824213394
donor_compartment_pseudobulk_baselines	logreg	3	LP__LINC00261	0.042114870816090236
donor_compartment_pseudobulk_baselines	logreg	3	LP__REG4	0.04207177671504957
donor_compartment_pseudobulk_baselines	logreg	3	LP__COL6A3	0.04197207308685644
donor_compartment_pseudobulk_baselines	logreg	3	LP__PRAC1	0.04155386617167118
donor_compartment_pseudobulk_baselines	logreg	3	LP__COL12A1	0.04144709469030521
donor_compartment_pseudobulk_baselines	logreg	3	LP__TFF1	0.04091005850620449
donor_compartment_pseudobulk_baselines	logreg	3	LP__CHGA	0.04081190849913745
donor_compartment_pseudobulk_baselines	logreg	3	LP__CAPN8	0.04080912132355052
donor_compartment_pseudobulk_baselines	logreg	3	LP__MLPH	0.0406942263088353
donor_compartment_pseudobulk_baselines	logreg	3	LP__FGF23	0.04044925431650811
donor_compartment_pseudobulk_baselines	logreg	3	LP__MUC5B	0.040347796646869806
donor_compartment_pseudobulk_baselines	logreg	3	LP__HOXB13	0.04012465439808461
donor_compartment_pseudobulk_baselines	logreg	3	LP__MUC12	0.03933302889432436
donor_compartment_pseudobulk_baselines	logreg	3	LP__SPINK4	0.03932597255223677
donor_compartment_pseudobulk_baselines	logreg	3	Epi__IL1RN	0.03920141334682876
donor_compartment_pseudobulk_baselines	logreg	3	Epi__FAM3B	0.03887754421390781
donor_compartment_pseudobulk_baselines	logreg	3	LP__AQP1	0.038682313219325144
donor_compartment_pseudobulk_baselines	logreg	3	LP__TMC5	0.038464539763599655
donor_compartment_pseudobulk_baselines	logreg	3	LP__SPINK5	0.0382929601238947
donor_compartment_pseudobulk_baselines	logreg	3	Epi__CDKN2B-AS1	0.038087672072582485
donor_compartment_pseudobulk_baselines	logreg	3	LP__FABP4	0.038064670251585817
donor_compartment_pseudobulk_baselines	logreg	3	LP__URAD	0.037821537345223505
donor_compartment_pseudobulk_baselines	logreg	3	LP__LCN2	0.03781796981411691
donor_compartment_pseudobulk_baselines	logreg	3	Epi__PRSS22	0.03781520144632651
donor_compartment_pseudobulk_baselines	logreg	3	LP__LCN6	0.03781194515754085
donor_compartment_pseudobulk_baselines	logreg	3	LP__MMP3	0.03724353452478073
donor_compartment_pseudobulk_baselines	logreg	3	LP__CCL18	0.03683336912066938
donor_compartment_pseudobulk_baselines	logreg	3	LP__INSL5	0.03678188322078944
donor_compartment_pseudobulk_baselines	logreg	3	LP__CDC42EP5	0.03675942075804746
donor_compartment_pseudobulk_baselines	logreg	3	Epi__CLU	0.03662861839530283
donor_compartment_pseudobulk_baselines	linear_svm	3	Epi__PLA2G2A	0.013231318455810099
donor_compartment_pseudobulk_baselines	linear_svm	3	Epi__GSTA1	0.012656537377439896
donor_compartment_pseudobulk_baselines	linear_svm	3	Epi__S100P	0.011942422725078667
donor_compartment_pseudobulk_baselines	linear_svm	3	LP__S100P	0.011559859319723228
donor_compartment_pseudobulk_baselines	linear_svm	3	Epi__GCG	0.011422735182811986
donor_compartment_pseudobulk_baselines	linear_svm	3	LP__RGS5	0.010506249254432488
donor_compartment_pseudobulk_baselines	linear_svm	3	LP__PLA2G2A	0.010443055899005958
donor_compartment_pseudobulk_baselines	linear_svm	3	Epi__INSL5	0.010260037100360242
donor_compartment_pseudobulk_baselines	linear_svm	3	Epi__BTNL8	0.010224150423938597
donor_compartment_pseudobulk_baselines	linear_svm	3	Epi__TIMP1	0.01014416946820393
donor_compartment_pseudobulk_baselines	linear_svm	3	LP__IGLL1	0.009810766167472266
donor_compartment_pseudobulk_baselines	linear_svm	3	LP__MADCAM1	0.009570746018943947
donor_compartment_pseudobulk_baselines	linear_svm	3	LP__MMP1	0.009545900223505913
donor_compartment_pseudobulk_baselines	linear_svm	3	LP__URAD	0.009485126828385992
donor_compartment_pseudobulk_baselines	linear_svm	3	LP__CCL18	0.009457814089742058
donor_compartment_pseudobulk_baselines	linear_svm	3	LP__IGLV3-16	0.009448122402304906
donor_compartment_pseudobulk_baselines	linear_svm	3	LP__GALNT5	0.009011340811190186
donor_compartment_pseudobulk_baselines	linear_svm	3	LP__TNC	0.008975627240136732
donor_compartment_pseudobulk_baselines	linear_svm	3	Epi__GJB3	0.008837973797448693
donor_compartment_pseudobulk_baselines	linear_svm	3	LP__INSL5	0.008827572616321621
donor_compartment_pseudobulk_baselines	linear_svm	3	LP__IGLV10-54	0.008754933197002652
donor_compartment_pseudobulk_baselines	linear_svm	3	LP__CHGA	0.008591988610057347
donor_compartment_pseudobulk_baselines	linear_svm	3	LP__BGN	0.008551521951683112
donor_compartment_pseudobulk_baselines	linear_svm	3	Epi__ECHDC3	0.008481787568971286
donor_compartment_pseudobulk_baselines	linear_svm	3	LP__COL6A3	0.008363963770775583
donor_compartment_pseudobulk_baselines	linear_svm	3	LP__HOXB13	0.008305540729798434
donor_compartment_pseudobulk_baselines	linear_svm	3	LP__REG4	0.008269800051713039
donor_compartment_pseudobulk_baselines	linear_svm	3	LP__CAPN8	0.00821030512545903
donor_compartment_pseudobulk_baselines	linear_svm	3	LP__LINC00261	0.008177381507764012
donor_compartment_pseudobulk_baselines	linear_svm	3	LP__MUC12	0.008116261622543773
donor_compartment_pseudobulk_baselines	linear_svm	3	LP__TFF1	0.008085109184690686
donor_compartment_pseudobulk_baselines	linear_svm	3	Epi__CDKN2B-AS1	0.0080803646295694
donor_compartment_pseudobulk_baselines	linear_svm	3	Epi__HOXB13	0.008046496349962655
donor_compartment_pseudobulk_baselines	linear_svm	3	Epi__CHGA	0.008027656773338885
donor_compartment_pseudobulk_baselines	linear_svm	3	LP__FGF23	0.00797162704514228
donor_compartment_pseudobulk_baselines	linear_svm	3	LP__LCN6	0.007957469771982867
donor_compartment_pseudobulk_baselines	linear_svm	3	LP__FABP4	0.007950601078604532
donor_compartment_pseudobulk_baselines	linear_svm	3	LP__RNA18S5	0.007885571351932795
donor_compartment_pseudobulk_baselines	linear_svm	3	Epi__PRSS22	0.007880585149623125
donor_compartment_pseudobulk_baselines	linear_svm	3	LP__B3GALT5	0.007848159801078785
donor_compartment_pseudobulk_baselines	linear_svm	3	LP__MLPH	0.007829821651004047
donor_compartment_pseudobulk_baselines	linear_svm	3	LP__MUC5B	0.0077685980284047
donor_compartment_pseudobulk_baselines	linear_svm	3	Epi__TFF1	0.007750949366547491
donor_compartment_pseudobulk_baselines	linear_svm	3	Epi__IL1RN	0.007669339702548281
donor_compartment_pseudobulk_baselines	linear_svm	3	LP__COL12A1	0.00755260905138727
donor_compartment_pseudobulk_baselines	linear_svm	3	Epi__PRAC1	0.007471399057524736
donor_compartment_pseudobulk_baselines	linear_svm	3	LP__IGLL5	0.007462938656998518
donor_compartment_pseudobulk_baselines	linear_svm	3	LP__TMC5	0.007459654772497395
donor_compartment_pseudobulk_baselines	linear_svm	3	LP__GSTT1	0.007442012279532672
donor_compartment_pseudobulk_baselines	linear_svm	3	Epi__CPB1	0.007433832086160812
donor_compartment_pseudobulk_baselines	xgb	3	LP__REG4	0.30263301730155945
donor_compartment_pseudobulk_baselines	xgb	3	LP__S100P	0.19798043370246887
donor_compartment_pseudobulk_baselines	xgb	3	Epi__PRAC1	0.14442190527915955
donor_compartment_pseudobulk_baselines	xgb	3	LP__PLA2G2A	0.12219846993684769
donor_compartment_pseudobulk_baselines	xgb	3	Epi__TIMP1	0.05991760641336441
donor_compartment_pseudobulk_baselines	xgb	3	Epi__PLA2G2A	0.05795403569936752
donor_compartment_pseudobulk_baselines	xgb	3	LP__IGLV10-54	0.05057990923523903
donor_compartment_pseudobulk_baselines	xgb	3	Epi__GCG	0.04017174616456032
donor_compartment_pseudobulk_baselines	xgb	3	LP__IGLL1	0.024142876267433167
donor_compartment_pseudobulk_baselines	xgb	3	Epi__C12orf36	0.0
donor_compartment_pseudobulk_baselines	xgb	3	Epi__USP25	0.0
donor_compartment_pseudobulk_baselines	xgb	3	Epi__UBD	0.0
donor_compartment_pseudobulk_baselines	xgb	3	Epi__FCER1G	0.0
donor_compartment_pseudobulk_baselines	xgb	3	Epi__SIRPG	0.0
donor_compartment_pseudobulk_baselines	xgb	3	Epi__SLK	0.0
donor_compartment_pseudobulk_baselines	xgb	3	LP__TM4SF5	0.0
donor_compartment_pseudobulk_baselines	xgb	3	LP__CA12	0.0
donor_compartment_pseudobulk_baselines	xgb	3	Epi__MGAT4B	0.0
donor_compartment_pseudobulk_baselines	xgb	3	Epi__IFLTD1	0.0
donor_compartment_pseudobulk_baselines	xgb	3	Epi__DEFA5	0.0
donor_compartment_pseudobulk_baselines	xgb	3	LP__GOLM1	0.0
donor_compartment_pseudobulk_baselines	xgb	3	LP__STARD10	0.0
donor_compartment_pseudobulk_baselines	xgb	3	Epi__ADRA2A	0.0
donor_compartment_pseudobulk_baselines	xgb	3	LP__CXCL9	0.0
donor_compartment_pseudobulk_baselines	xgb	3	LP__C9orf152	0.0
donor_compartment_pseudobulk_baselines	xgb	3	Epi__IL1RN	0.0
donor_compartment_pseudobulk_baselines	xgb	3	Epi__B3GALT5	0.0
donor_compartment_pseudobulk_baselines	xgb	3	Epi__GIMAP5	0.0
donor_compartment_pseudobulk_baselines	xgb	3	Epi__PPIP5K2	0.0
donor_compartment_pseudobulk_baselines	xgb	3	Epi__RBFOX3	0.0
donor_compartment_pseudobulk_baselines	xgb	3	Epi__ALDH1L1	0.0
donor_compartment_pseudobulk_baselines	xgb	3	Epi__SAG	0.0
donor_compartment_pseudobulk_baselines	xgb	3	Epi__SLC12A2	0.0
donor_compartment_pseudobulk_baselines	xgb	3	Epi__RPS4Y2	0.0
donor_compartment_pseudobulk_baselines	xgb	3	LP__C4BPB	0.0
donor_compartment_pseudobulk_baselines	xgb	3	Epi__LINC00668	0.0
donor_compartment_pseudobulk_baselines	xgb	3	Epi__EVI2B	0.0
donor_compartment_pseudobulk_baselines	xgb	3	Epi__CNOT6L	0.0
donor_compartment_pseudobulk_baselines	xgb	3	LP__SOX9	0.0
donor_compartment_pseudobulk_baselines	xgb	3	Epi__RP11-747D18.1	0.0
donor_compartment_pseudobulk_baselines	xgb	3	Epi__PTPRR	0.0
donor_compartment_pseudobulk_baselines	xgb	3	Epi__PCED1B-AS1	0.0
donor_compartment_pseudobulk_baselines	xgb	3	Epi__EPPK1	0.0
donor_compartment_pseudobulk_baselines	xgb	3	Epi__SEPP1	0.0
donor_compartment_pseudobulk_baselines	xgb	3	LP__CLRN3	0.0
donor_compartment_pseudobulk_baselines	xgb	3	Epi__BMP2K	0.0
donor_compartment_pseudobulk_baselines	xgb	3	LP__MYO1A	0.0
donor_compartment_pseudobulk_baselines	xgb	3	Epi__RP11-373D23.2	0.0
donor_compartment_pseudobulk_baselines	xgb	3	LP__NTRK2	0.0
donor_compartment_pseudobulk_baselines	xgb	3	LP__CDX2	0.0
donor_compartment_pseudobulk_baselines	logreg	4	Epi__PLA2G2A	0.050393176222116504
donor_compartment_pseudobulk_baselines	logreg	4	Epi__S100P	0.048666709141067896
donor_compartment_pseudobulk_baselines	logreg	4	LP__S100P	0.04816084763596076
donor_compartment_pseudobulk_baselines	logreg	4	Epi__GCG	0.04742730229689633
donor_compartment_pseudobulk_baselines	logreg	4	LP__MADCAM1	0.04371938786886591
donor_compartment_pseudobulk_baselines	logreg	4	Epi__INSL5	0.042898951956578016
donor_compartment_pseudobulk_baselines	logreg	4	Epi__TIMP1	0.04169154777044
donor_compartment_pseudobulk_baselines	logreg	4	LP__PLA2G2A	0.04144673757819053
donor_compartment_pseudobulk_baselines	logreg	4	LP__RGS5	0.04114138836515524
donor_compartment_pseudobulk_baselines	logreg	4	LP__IGLV3-16	0.04048383034851984
donor_compartment_pseudobulk_baselines	logreg	4	LP__PCDH17	0.0393247020735308
donor_compartment_pseudobulk_baselines	logreg	4	LP__REG4	0.03855169072167443
donor_compartment_pseudobulk_baselines	logreg	4	Epi__TFF1	0.03821486587720238
donor_compartment_pseudobulk_baselines	logreg	4	Epi__SPINK4	0.03816254056674356
donor_compartment_pseudobulk_baselines	logreg	4	LP__LINC00261	0.03749904484541906
donor_compartment_pseudobulk_baselines	logreg	4	LP__SPINK4	0.037357355223228896
donor_compartment_pseudobulk_baselines	logreg	4	Epi__FAM3B	0.03710660869858009
donor_compartment_pseudobulk_baselines	logreg	4	LP__MUC12	0.036932340542228714
donor_compartment_pseudobulk_baselines	logreg	4	Epi__REG4	0.03692825140096432
donor_compartment_pseudobulk_baselines	logreg	4	LP__MMP1	0.03691542443758779
donor_compartment_pseudobulk_baselines	logreg	4	Epi__GSTA1	0.03673480659107927
donor_compartment_pseudobulk_baselines	logreg	4	LP__LCN6	0.036507911231811234
donor_compartment_pseudobulk_baselines	logreg	4	LP__PRAC1	0.036422701214061506
donor_compartment_pseudobulk_baselines	logreg	4	LP__FAM65B	0.036414701186175825
donor_compartment_pseudobulk_baselines	logreg	4	Epi__IL1RN	0.03631451540567205
donor_compartment_pseudobulk_baselines	logreg	4	LP__CAPN8	0.036260794133955075
donor_compartment_pseudobulk_baselines	logreg	4	Epi__HOXB13	0.03624943236609535
donor_compartment_pseudobulk_baselines	logreg	4	Epi__BTNL8	0.03620597228283385
donor_compartment_pseudobulk_baselines	logreg	4	LP__BGN	0.03614627529927659
donor_compartment_pseudobulk_baselines	logreg	4	Epi__CLU	0.03608757008385369
donor_compartment_pseudobulk_baselines	logreg	4	LP__TNC	0.03592720848629085
donor_compartment_pseudobulk_baselines	logreg	4	LP__TFF1	0.03571507792759222
donor_compartment_pseudobulk_baselines	logreg	4	LP__MLPH	0.03554365648309239
donor_compartment_pseudobulk_baselines	logreg	4	Epi__KLK12	0.03532411309945834
donor_compartment_pseudobulk_baselines	logreg	4	LP__AQP1	0.035152435549758755
donor_compartment_pseudobulk_baselines	logreg	4	Epi__PRAC1	0.03488687181209591
donor_compartment_pseudobulk_baselines	logreg	4	Epi__MTRNR2L1	0.03487208297958705
donor_compartment_pseudobulk_baselines	logreg	4	Epi__CCNO	0.03469731997991596
donor_compartment_pseudobulk_baselines	logreg	4	Epi__RP11-462G2.1	0.03464765059635872
donor_compartment_pseudobulk_baselines	logreg	4	Epi__LPCAT1	0.03464563917313924
donor_compartment_pseudobulk_baselines	logreg	4	LP__MUC5B	0.03438636871338
donor_compartment_pseudobulk_baselines	logreg	4	LP__COL6A3	0.0341809015406251
donor_compartment_pseudobulk_baselines	logreg	4	LP__HOXB13	0.033961273830764124
donor_compartment_pseudobulk_baselines	logreg	4	Epi__PRSS22	0.03380888287833391
donor_compartment_pseudobulk_baselines	logreg	4	Epi__CDKN2B-AS1	0.03366201176293511
donor_compartment_pseudobulk_baselines	logreg	4	LP__FABP4	0.03329071995927092
donor_compartment_pseudobulk_baselines	logreg	4	LP__CDC42EP5	0.0332041618487147
donor_compartment_pseudobulk_baselines	logreg	4	Epi__CHGA	0.0331442207730956
donor_compartment_pseudobulk_baselines	logreg	4	LP__COL12A1	0.03275239938539515
donor_compartment_pseudobulk_baselines	logreg	4	LP__GCG	0.032546011983916504
donor_compartment_pseudobulk_baselines	linear_svm	4	Epi__PLA2G2A	0.010976118598192076
donor_compartment_pseudobulk_baselines	linear_svm	4	Epi__GCG	0.010365248904399892
donor_compartment_pseudobulk_baselines	linear_svm	4	LP__S100P	0.010066957451138043
donor_compartment_pseudobulk_baselines	linear_svm	4	Epi__S100P	0.010025095868376962
donor_compartment_pseudobulk_baselines	linear_svm	4	Epi__BTNL8	0.009789194634931792
donor_compartment_pseudobulk_baselines	linear_svm	4	LP__MADCAM1	0.009483456007676298
donor_compartment_pseudobulk_baselines	linear_svm	4	LP__RGS5	0.009377001754550343
donor_compartment_pseudobulk_baselines	linear_svm	4	Epi__GSTA1	0.009150659655366804
donor_compartment_pseudobulk_baselines	linear_svm	4	Epi__INSL5	0.009004895448248491
donor_compartment_pseudobulk_baselines	linear_svm	4	LP__PLA2G2A	0.008727999983883083
donor_compartment_pseudobulk_baselines	linear_svm	4	LP__IGLV3-16	0.008723298219245928
donor_compartment_pseudobulk_baselines	linear_svm	4	LP__LCN6	0.008223785141083063
donor_compartment_pseudobulk_baselines	linear_svm	4	LP__INSL5	0.008118343644863623
donor_compartment_pseudobulk_baselines	linear_svm	4	LP__MMP1	0.008050073895230917
donor_compartment_pseudobulk_baselines	linear_svm	4	Epi__TIMP1	0.007994317517737758
donor_compartment_pseudobulk_baselines	linear_svm	4	LP__FAM65B	0.007856645880787909
donor_compartment_pseudobulk_baselines	linear_svm	4	Epi__CDKN2B-AS1	0.0078093613193192446
donor_compartment_pseudobulk_baselines	linear_svm	4	LP__PCDH17	0.007783092122806806
donor_compartment_pseudobulk_baselines	linear_svm	4	LP__CAPN8	0.0077257579344592675
donor_compartment_pseudobulk_baselines	linear_svm	4	Epi__MTRNR2L1	0.007715213848682224
donor_compartment_pseudobulk_baselines	linear_svm	4	LP__MUC12	0.00770707949445003
donor_compartment_pseudobulk_baselines	linear_svm	4	LP__REG4	0.007669556837005046
donor_compartment_pseudobulk_baselines	linear_svm	4	Epi__CCL4	0.00763990759391144
donor_compartment_pseudobulk_baselines	linear_svm	4	Epi__CCL3	0.007528662884505499
donor_compartment_pseudobulk_baselines	linear_svm	4	Epi__SPINK4	0.007429929924065884
donor_compartment_pseudobulk_baselines	linear_svm	4	LP__GSTA1	0.007427182894287243
donor_compartment_pseudobulk_baselines	linear_svm	4	Epi__CHGA	0.007417252331364818
donor_compartment_pseudobulk_baselines	linear_svm	4	LP__SPINK4	0.007406052819509889
donor_compartment_pseudobulk_baselines	linear_svm	4	LP__LINC00261	0.007336311599588708
donor_compartment_pseudobulk_baselines	linear_svm	4	Epi__CLU	0.007290653466247739
donor_compartment_pseudobulk_baselines	linear_svm	4	LP__POSTN	0.0071727856168489436
donor_compartment_pseudobulk_baselines	linear_svm	4	Epi__CPB1	0.007170147454157711
donor_compartment_pseudobulk_baselines	linear_svm	4	LP__MTRNR2L1	0.007145712080006495
donor_compartment_pseudobulk_baselines	linear_svm	4	Epi__PYY	0.00713221022579344
donor_compartment_pseudobulk_baselines	linear_svm	4	Epi__CCNO	0.0070834704719071025
donor_compartment_pseudobulk_baselines	linear_svm	4	Epi__TFF1	0.007083334821319196
donor_compartment_pseudobulk_baselines	linear_svm	4	LP__MLPH	0.007065616506784037
donor_compartment_pseudobulk_baselines	linear_svm	4	LP__PAX5	0.007049299397572286
donor_compartment_pseudobulk_baselines	linear_svm	4	Epi__REG4	0.00701393664492719
donor_compartment_pseudobulk_baselines	linear_svm	4	LP__TFF1	0.006995111722461349
donor_compartment_pseudobulk_baselines	linear_svm	4	LP__FABP4	0.006968408368313835
donor_compartment_pseudobulk_baselines	linear_svm	4	LP__IGLL1	0.006931713877876813
donor_compartment_pseudobulk_baselines	linear_svm	4	LP__HOXB13	0.006904323339862548
donor_compartment_pseudobulk_baselines	linear_svm	4	Epi__HSD3B2	0.0068878565149075735
donor_compartment_pseudobulk_baselines	linear_svm	4	Epi__IL1RN	0.006863330297081907
donor_compartment_pseudobulk_baselines	linear_svm	4	LP__SPINK2	0.006856435376114027
donor_compartment_pseudobulk_baselines	linear_svm	4	LP__GCG	0.0067681270418444685
donor_compartment_pseudobulk_baselines	linear_svm	4	LP__CHGA	0.006669166425693512
donor_compartment_pseudobulk_baselines	linear_svm	4	LP__COL6A3	0.0066401469778493444
donor_compartment_pseudobulk_baselines	linear_svm	4	LP__TNC	0.006636143452762835
donor_compartment_pseudobulk_baselines	xgb	4	LP__SPINK4	0.3301873505115509
donor_compartment_pseudobulk_baselines	xgb	4	LP__REG4	0.32779455184936523
donor_compartment_pseudobulk_baselines	xgb	4	Epi__REG4	0.07454683631658554
donor_compartment_pseudobulk_baselines	xgb	4	Epi__SLC51A	0.0572047159075737
donor_compartment_pseudobulk_baselines	xgb	4	LP__LCN2	0.054836831986904144
donor_compartment_pseudobulk_baselines	xgb	4	Epi__PLLP	0.04822327941656113
donor_compartment_pseudobulk_baselines	xgb	4	LP__PRAC1	0.047557856887578964
donor_compartment_pseudobulk_baselines	xgb	4	LP__TMC5	0.04253124073147774
donor_compartment_pseudobulk_baselines	xgb	4	LP__IGLV3-19	0.01711733639240265
donor_compartment_pseudobulk_baselines	xgb	4	Epi__GPR183	0.0
donor_compartment_pseudobulk_baselines	xgb	4	LP__C9orf152	0.0
donor_compartment_pseudobulk_baselines	xgb	4	Epi__PPP1CB	0.0
donor_compartment_pseudobulk_baselines	xgb	4	Epi__PABPC3	0.0
donor_compartment_pseudobulk_baselines	xgb	4	Epi__CXCL5	0.0
donor_compartment_pseudobulk_baselines	xgb	4	Epi__STRN3	0.0
donor_compartment_pseudobulk_baselines	xgb	4	LP__HRCT1	0.0
donor_compartment_pseudobulk_baselines	xgb	4	LP__CYP3A5	0.0
donor_compartment_pseudobulk_baselines	xgb	4	Epi__NME1-NME2	0.0
donor_compartment_pseudobulk_baselines	xgb	4	LP__GNAQ	0.0
donor_compartment_pseudobulk_baselines	xgb	4	Epi__ZBTB44	0.0
donor_compartment_pseudobulk_baselines	xgb	4	LP__PIP4K2A	0.0
donor_compartment_pseudobulk_baselines	xgb	4	LP__PPP1CB	0.0
donor_compartment_pseudobulk_baselines	xgb	4	LP__IGKV1-17	0.0
donor_compartment_pseudobulk_baselines	xgb	4	LP__BCL11A	0.0
donor_compartment_pseudobulk_baselines	xgb	4	LP__SHD	0.0
donor_compartment_pseudobulk_baselines	xgb	4	LP__CXADR	0.0
donor_compartment_pseudobulk_baselines	xgb	4	Epi__ZNRF2	0.0
donor_compartment_pseudobulk_baselines	xgb	4	Epi__LST1	0.0
donor_compartment_pseudobulk_baselines	xgb	4	LP__COL12A1	0.0
donor_compartment_pseudobulk_baselines	xgb	4	Epi__MDM4	0.0
donor_compartment_pseudobulk_baselines	xgb	4	Epi__EDEM3	0.0
donor_compartment_pseudobulk_baselines	xgb	4	LP__MMP7	0.0
donor_compartment_pseudobulk_baselines	xgb	4	LP__AC009404.2	0.0
donor_compartment_pseudobulk_baselines	xgb	4	LP__CTNNB1	0.0
donor_compartment_pseudobulk_baselines	xgb	4	LP__RP11-347P5.1	0.0
donor_compartment_pseudobulk_baselines	xgb	4	LP__CHI3L2	0.0
donor_compartment_pseudobulk_baselines	xgb	4	Epi__HSD3B2	0.0
donor_compartment_pseudobulk_baselines	xgb	4	Epi__RP11-789C1.1	0.0
donor_compartment_pseudobulk_baselines	xgb	4	Epi__GNA15	0.0
donor_compartment_pseudobulk_baselines	xgb	4	Epi__APOBEC3A	0.0
donor_compartment_pseudobulk_baselines	xgb	4	Epi__FGF23	0.0
donor_compartment_pseudobulk_baselines	xgb	4	Epi__DUSP4	0.0
donor_compartment_pseudobulk_baselines	xgb	4	Epi__ASPG	0.0
donor_compartment_pseudobulk_baselines	xgb	4	LP__NOS2	0.0
donor_compartment_pseudobulk_baselines	xgb	4	LP__RP11-262H14.3	0.0
donor_compartment_pseudobulk_baselines	xgb	4	LP__S100A12	0.0
donor_compartment_pseudobulk_baselines	xgb	4	LP__PLAT	0.0
donor_compartment_pseudobulk_baselines	xgb	4	Epi__ZDHHC2	0.0
donor_compartment_pseudobulk_baselines	xgb	4	Epi__CDA	0.0
donor_compartment_pseudobulk_baselines	xgb	4	Epi__RNA18S5	0.0
